state,primary_date,runoff_date,actual_primary_date,actual_runoff_date,election_year,source,primary_type,notes
Alabama,2008-06-03,2008-07-15,,,2008,https://www.fec.gov/resources/cms-content/documents/2008pdates.pdf,traditional,
Alaska,2008-08-26,,,,2008,https://www.fec.gov/resources/cms-content/documents/2008pdates.pdf,blanket,Uses top-four/blanket primary since 2022
Arizona,2008-09-02,,,,2008,https://www.fec.gov/resources/cms-content/documents/2008pdates.pdf,traditional,
Arkansas,2008-05-20,2008-06-10,,,2008,https://www.fec.gov/resources/cms-content/documents/2008pdates.pdf,traditional,
California,2008-06-03,,,,2008,https://www.fec.gov/resources/cms-content/documents/2008pdates.pdf,top_two,Top-two primary since 2012
Colorado,2008-08-12,,,,2008,https://www.fec.gov/resources/cms-content/documents/2008pdates.pdf,traditional,
Connecticut,2008-08-12,,,,2008,https://www.fec.gov/resources/cms-content/documents/2008pdates.pdf,traditional,
Delaware,2008-09-09,,,,2008,https://www.fec.gov/resources/cms-content/documents/2008pdates.pdf,traditional,
Florida,2008-08-26,,,,2008,https://www.fec.gov/resources/cms-content/documents/2008pdates.pdf,traditional,
Georgia,2008-07-15,2008-08-05,,,2008,https://www.fec.gov/resources/cms-content/documents/2008pdates.pdf,traditional,
Hawaii,2008-09-20,,,,2008,https://www.fec.gov/resources/cms-content/documents/2008pdates.pdf,traditional,
Idaho,2008-05-27,,,,2008,https://www.fec.gov/resources/cms-content/documents/2008pdates.pdf,traditional,
Illinois,2008-02-05,,,,2008,https://www.fec.gov/resources/cms-content/documents/2008pdates.pdf,traditional,Super Tuesday
Indiana,2008-05-06,,,,2008,https://www.fec.gov/resources/cms-content/documents/2008pdates.pdf,traditional,
Iowa,2008-06-03,,,,2008,https://www.fec.gov/resources/cms-content/documents/2008pdates.pdf,traditional,
Kansas,2008-08-05,,,,2008,https://www.fec.gov/resources/cms-content/documents/2008pdates.pdf,traditional,
Kentucky,2008-05-20,,,,2008,https://www.fec.gov/resources/cms-content/documents/2008pdates.pdf,traditional,
Louisiana,2008-09-06,2008-11-04,,,2008,https://www.fec.gov/resources/cms-content/documents/2008pdates.pdf,jungle,Jungle primary on general election day
Maine,2008-06-10,,,,2008,https://www.fec.gov/resources/cms-content/documents/2008pdates.pdf,traditional,
Maryland,2008-02-12,,,,2008,https://www.fec.gov/resources/cms-content/documents/2008pdates.pdf,traditional,
Massachusetts,2008-09-16,,,,2008,https://www.fec.gov/resources/cms-content/documents/2008pdates.pdf,traditional,
Michigan,2008-08-05,,,,2008,https://www.fec.gov/resources/cms-content/documents/2008pdates.pdf,traditional,
Minnesota,2008-09-09,,,,2008,https://www.fec.gov/resources/cms-content/documents/2008pdates.pdf,traditional,
Mississippi,2008-03-11,2008-04-01,,,2008,https://www.fec.gov/resources/cms-content/documents/2008pdates.pdf,traditional,
Missouri,2008-08-05,,,,2008,https://www.fec.gov/resources/cms-content/documents/2008pdates.pdf,traditional,
Montana,2008-06-03,,,,2008,https://www.fec.gov/resources/cms-content/documents/2008pdates.pdf,traditional,
Nebraska,2008-05-13,,,,2008,https://www.fec.gov/resources/cms-content/documents/2008pdates.pdf,traditional,
Nevada,2008-08-12,,,,2008,https://www.fec.gov/resources/cms-content/documents/2008pdates.pdf,traditional,
New Hampshire,2008-09-09,,,,2008,https://www.fec.gov/resources/cms-content/documents/2008pdates.pdf,traditional,
New Jersey,2008-06-03,,,,2008,https://www.fec.gov/resources/cms-content/documents/2008pdates.pdf,traditional,
New Mexico,2008-06-03,,,,2008,https://www.fec.gov/resources/cms-content/documents/2008pdates.pdf,traditional,
New York,2008-09-09,,,,2008,https://www.fec.gov/resources/cms-content/documents/2008pdates.pdf,traditional,
North Carolina,2008-05-06,2008-06-24,,,2008,https://www.fec.gov/resources/cms-content/documents/2008pdates.pdf,traditional,
North Dakota,2008-06-10,,,,2008,https://www.fec.gov/resources/cms-content/documents/2008pdates.pdf,traditional,
Ohio,2008-03-04,,,,2008,https://www.fec.gov/resources/cms-content/documents/2008pdates.pdf,traditional,
Oklahoma,2008-07-29,2008-08-26,,,2008,https://www.fec.gov/resources/cms-content/documents/2008pdates.pdf,traditional,
Oregon,2008-05-20,,,,2008,https://www.fec.gov/resources/cms-content/documents/2008pdates.pdf,traditional,
Pennsylvania,2008-04-22,,,,2008,https://www.fec.gov/resources/cms-content/documents/2008pdates.pdf,traditional,
Rhode Island,2008-09-09,,,,2008,https://www.fec.gov/resources/cms-content/documents/2008pdates.pdf,traditional,
South Carolina,2008-06-10,2008-06-24,,,2008,https://www.fec.gov/resources/cms-content/documents/2008pdates.pdf,traditional,
South Dakota,2008-06-03,,,,2008,https://www.fec.gov/resources/cms-content/documents/2008pdates.pdf,traditional,
Tennessee,2008-08-07,,,,2008,https://www.fec.gov/resources/cms-content/documents/2008pdates.pdf,traditional,
Texas,2008-03-04,2008-04-08,,,2008,https://www.fec.gov/resources/cms-content/documents/2008pdates.pdf,traditional,
Utah,2008-06-24,,,,2008,https://www.fec.gov/resources/cms-content/documents/2008pdates.pdf,traditional,
Vermont,2008-09-09,,,,2008,https://www.fec.gov/resources/cms-content/documents/2008pdates.pdf,traditional,
Virginia,2008-06-10,,,,2008,https://www.fec.gov/resources/cms-content/documents/2008pdates.pdf,traditional,
Washington,2008-08-19,,,,2008,https://www.fec.gov/resources/cms-content/documents/2008pdates.pdf,top_two,Top-two primary
West Virginia,2008-05-13,,,,2008,https://www.fec.gov/resources/cms-content/documents/2008pdates.pdf,traditional,
Wisconsin,2008-09-09,,,,2008,https://www.fec.gov/resources/cms-content/documents/2008pdates.pdf,traditional,
Wyoming,2008-08-19,,,,2008,https://www.fec.gov/resources/cms-content/documents/2008pdates.pdf,traditional,
Alabama,2010-06-01,2010-07-13,,,2010,https://www.fec.gov/resources/cms-content/documents/2010pdates.pdf,traditional,
Alaska,2010-08-24,,,,2010,https://www.fec.gov/resources/cms-content/documents/2010pdates.pdf,blanket,Uses top-four/blanket primary since 2022
Arizona,2010-08-24,,,,2010,https://www.fec.gov/resources/cms-content/documents/2010pdates.pdf,traditional,
Arkansas,2010-05-18,2010-06-08,,,2010,https://www.fec.gov/resources/cms-content/documents/2010pdates.pdf,traditional,
California,2010-06-08,,,,2010,https://www.fec.gov/resources/cms-content/documents/2010pdates.pdf,top_two,Top-two primary since 2012
Colorado,2010-08-10,,,,2010,https://www.fec.gov/resources/cms-content/documents/2010pdates.pdf,traditional,
Connecticut,2010-08-10,,,,2010,https://www.fec.gov/resources/cms-content/documents/2010pdates.pdf,traditional,
Delaware,2010-09-14,,,,2010,https://www.fec.gov/resources/cms-content/documents/2010pdates.pdf,traditional,
Florida,2010-08-24,,,,2010,https://www.fec.gov/resources/cms-content/documents/2010pdates.pdf,traditional,
Georgia,2010-07-20,2010-08-10,,,2010,https://www.fec.gov/resources/cms-content/documents/2010pdates.pdf,traditional,
Hawaii,2010-09-18,,,,2010,https://www.fec.gov/resources/cms-content/documents/2010pdates.pdf,traditional,
Idaho,2010-05-25,,,,2010,https://www.fec.gov/resources/cms-content/documents/2010pdates.pdf,traditional,
Illinois,2010-02-02,,,,2010,https://www.fec.gov/resources/cms-content/documents/2010pdates.pdf,traditional,
Indiana,2010-05-04,,,,2010,https://www.fec.gov/resources/cms-content/documents/2010pdates.pdf,traditional,
Iowa,2010-06-08,,,,2010,https://www.fec.gov/resources/cms-content/documents/2010pdates.pdf,traditional,
Kansas,2010-08-03,,,,2010,https://www.fec.gov/resources/cms-content/documents/2010pdates.pdf,traditional,
Kentucky,2010-05-18,,,,2010,https://www.fec.gov/resources/cms-content/documents/2010pdates.pdf,traditional,
Louisiana,2010-08-28,2010-10-02,,,2010,https://www.fec.gov/resources/cms-content/documents/2010pdates.pdf,jungle,Jungle primary on general election day - excluded from Q2 analysis
Maine,2010-06-08,,,,2010,https://www.fec.gov/resources/cms-content/documents/2010pdates.pdf,traditional,
Maryland,2010-09-14,,,,2010,https://www.fec.gov/resources/cms-content/documents/2010pdates.pdf,traditional,
Massachusetts,2010-09-14,,,,2010,https://www.fec.gov/resources/cms-content/documents/2010pdates.pdf,traditional,
Michigan,2010-08-03,,,,2010,https://www.fec.gov/resources/cms-content/documents/2010pdates.pdf,traditional,
Minnesota,2010-08-10,,,,2010,https://www.fec.gov/resources/cms-content/documents/2010pdates.pdf,traditional,
Mississippi,2010-06-01,2010-06-22,,,2010,https://www.fec.gov/resources/cms-content/documents/2010pdates.pdf,traditional,
Missouri,2010-08-03,,,,2010,https://www.fec.gov/resources/cms-content/documents/2010pdates.pdf,traditional,
Montana,2010-06-08,,,,2010,https://www.fec.gov/resources/cms-content/documents/2010pdates.pdf,traditional,
Nebraska,2010-05-11,,,,2010,https://www.fec.gov/resources/cms-content/documents/2010pdates.pdf,traditional,
Nevada,2010-06-08,,,,2010,https://www.fec.gov/resources/cms-content/documents/2010pdates.pdf,traditional,
New Hampshire,2010-09-14,,,,2010,https://www.fec.gov/resources/cms-content/documents/2010pdates.pdf,traditional,
New Jersey,2010-06-08,,,,2010,https://www.fec.gov/resources/cms-content/documents/2010pdates.pdf,traditional,
New Mexico,2010-06-01,,,,2010,https://www.fec.gov/resources/cms-content/documents/2010pdates.pdf,traditional,
New York,2010-09-14,,,,2010,https://www.fec.gov/resources/cms-content/documents/2010pdates.pdf,traditional,
North Carolina,2010-05-04,2010-06-22,,,2010,https://www.fec.gov/resources/cms-content/documents/2010pdates.pdf,traditional,
North Dakota,2010-06-08,,,,2010,https://www.fec.gov/resources/cms-content/documents/2010pdates.pdf,traditional,
Ohio,2010-05-04,,,,2010,https://www.fec.gov/resources/cms-content/documents/2010pdates.pdf,traditional,
Oklahoma,2010-07-27,2010-08-24,,,2010,https://www.fec.gov/resources/cms-content/documents/2010pdates.pdf,traditional,
Oregon,2010-05-18,,,,2010,https://www.fec.gov/resources/cms-content/documents/2010pdates.pdf,traditional,
Pennsylvania,2010-05-18,,,,2010,https://www.fec.gov/resources/cms-content/documents/2010pdates.pdf,traditional,
Rhode Island,2010-09-14,,,,2010,https://www.fec.gov/resources/cms-content/documents/2010pdates.pdf,traditional,
South Carolina,2010-06-08,2010-06-22,,,2010,https://www.fec.gov/resources/cms-content/documents/2010pdates.pdf,traditional,
South Dakota,2010-06-08,2010-06-29,,,2010,https://www.fec.gov/resources/cms-content/documents/2010pdates.pdf,traditional,
Tennessee,2010-08-05,,,,2010,https://www.fec.gov/resources/cms-content/documents/2010pdates.pdf,traditional,
Texas,2010-03-02,2010-04-13,,,2010,https://www.fec.gov/resources/cms-content/documents/2010pdates.pdf,traditional,
Utah,2010-06-22,,,,2010,https://www.fec.gov/resources/cms-content/documents/2010pdates.pdf,traditional,
Vermont,2010-08-24,,,,2010,https://www.fec.gov/resources/cms-content/documents/2010pdates.pdf,traditional,
Virginia,2010-06-08,,,,2010,https://www.fec.gov/resources/cms-content/documents/2010pdates.pdf,traditional,
Washington,2010-08-17,,,,2010,https://www.fec.gov/resources/cms-content/documents/2010pdates.pdf,top_two,Top-two primary since 2008
West Virginia,2010-05-11,,,,2010,https://www.fec.gov/resources/cms-content/documents/2010pdates.pdf,traditional,
Wisconsin,2010-09-14,,,,2010,https://www.fec.gov/resources/cms-content/documents/2010pdates.pdf,traditional,
Wyoming,2010-08-17,,,,2010,https://www.fec.gov/resources/cms-content/documents/2010pdates.pdf,traditional,
Alabama,2012-03-13,2012-04-24,,,2012,https://www.fec.gov/resources/cms-content/documents/2012pdates.pdf,traditional,
Alaska,2012-08-28,,,,2012,https://www.fec.gov/resources/cms-content/documents/2012pdates.pdf,blanket,Uses top-four/blanket primary since 2022
Arizona,2012-08-28,,,,2012,https://www.fec.gov/resources/cms-content/documents/2012pdates.pdf,traditional,
Arkansas,2012-05-22,2012-06-12,,,2012,https://www.fec.gov/resources/cms-content/documents/2012pdates.pdf,traditional,
California,2012-06-05,,,,2012,https://www.fec.gov/resources/cms-content/documents/2012pdates.pdf,top_two,Top-two primary since 2012
Colorado,2012-06-26,,,,2012,https://www.fec.gov/resources/cms-content/documents/2012pdates.pdf,traditional,
Connecticut,2012-08-14,,,,2012,https://www.fec.gov/resources/cms-content/documents/2012pdates.pdf,traditional,
Delaware,2012-09-11,,,,2012,https://www.fec.gov/resources/cms-content/documents/2012pdates.pdf,traditional,
Florida,2012-08-14,,,,2012,https://www.fec.gov/resources/cms-content/documents/2012pdates.pdf,traditional,
Georgia,2012-07-31,2012-08-21,,,2012,https://www.fec.gov/resources/cms-content/documents/2012pdates.pdf,traditional,
Hawaii,2012-08-11,,,,2012,https://www.fec.gov/resources/cms-content/documents/2012pdates.pdf,traditional,
Idaho,2012-05-15,,,,2012,https://www.fec.gov/resources/cms-content/documents/2012pdates.pdf,traditional,
Illinois,2012-03-20,,,,2012,https://www.fec.gov/resources/cms-content/documents/2012pdates.pdf,traditional,
Indiana,2012-05-08,,,,2012,https://www.fec.gov/resources/cms-content/documents/2012pdates.pdf,traditional,
Iowa,2012-06-05,,,,2012,https://www.fec.gov/resources/cms-content/documents/2012pdates.pdf,traditional,
Kansas,2012-08-07,,,,2012,https://www.fec.gov/resources/cms-content/documents/2012pdates.pdf,traditional,
Kentucky,2012-05-22,,,,2012,https://www.fec.gov/resources/cms-content/documents/2012pdates.pdf,traditional,
Louisiana,2012-11-06,2012-12-01,,,2012,https://www.fec.gov/resources/cms-content/documents/2012pdates.pdf,jungle,Jungle primary on general election day - excluded from Q2 analysis
Maine,2012-06-12,,,,2012,https://www.fec.gov/resources/cms-content/documents/2012pdates.pdf,traditional,
Maryland,2012-04-03,,,,2012,https://www.fec.gov/resources/cms-content/documents/2012pdates.pdf,traditional,
Massachusetts,2012-09-06,,,,2012,https://www.fec.gov/resources/cms-content/documents/2012pdates.pdf,traditional,
Michigan,2012-08-07,,,,2012,https://www.fec.gov/resources/cms-content/documents/2012pdates.pdf,traditional,
Minnesota,2012-08-14,,,,2012,https://www.fec.gov/resources/cms-content/documents/2012pdates.pdf,traditional,
Mississippi,2012-03-13,2012-04-03,,,2012,https://www.fec.gov/resources/cms-content/documents/2012pdates.pdf,traditional,
Missouri,2012-08-07,,,,2012,https://www.fec.gov/resources/cms-content/documents/2012pdates.pdf,traditional,
Montana,2012-06-05,,,,2012,https://www.fec.gov/resources/cms-content/documents/2012pdates.pdf,traditional,
Nebraska,2012-05-15,,,,2012,https://www.fec.gov/resources/cms-content/documents/2012pdates.pdf,traditional,
Nevada,2012-06-12,,,,2012,https://www.fec.gov/resources/cms-content/documents/2012pdates.pdf,traditional,
New Hampshire,2012-09-11,,,,2012,https://www.fec.gov/resources/cms-content/documents/2012pdates.pdf,traditional,
New Jersey,2012-06-05,,,,2012,https://www.fec.gov/resources/cms-content/documents/2012pdates.pdf,traditional,
New Mexico,2012-06-05,,,,2012,https://www.fec.gov/resources/cms-content/documents/2012pdates.pdf,traditional,
New York,2012-06-26,,,,2012,https://www.fec.gov/resources/cms-content/documents/2012pdates.pdf,traditional,
North Carolina,2012-05-08,2012-07-17,,,2012,https://www.fec.gov/resources/cms-content/documents/2012pdates.pdf,traditional,
North Dakota,2012-06-12,,,,2012,https://www.fec.gov/resources/cms-content/documents/2012pdates.pdf,traditional,
Ohio,2012-03-06,,,,2012,https://www.fec.gov/resources/cms-content/documents/2012pdates.pdf,traditional,
Oklahoma,2012-06-26,2012-08-28,,,2012,https://www.fec.gov/resources/cms-content/documents/2012pdates.pdf,traditional,
Oregon,2012-05-15,,,,2012,https://www.fec.gov/resources/cms-content/documents/2012pdates.pdf,traditional,
Pennsylvania,2012-04-24,,,,2012,https://www.fec.gov/resources/cms-content/documents/2012pdates.pdf,traditional,
Rhode Island,2012-09-11,,,,2012,https://www.fec.gov/resources/cms-content/documents/2012pdates.pdf,traditional,
South Carolina,2012-06-12,2012-06-26,,,2012,https://www.fec.gov/resources/cms-content/documents/2012pdates.pdf,traditional,
South Dakota,2012-06-05,2012-06-26,,,2012,https://www.fec.gov/resources/cms-content/documents/2012pdates.pdf,traditional,
Tennessee,2012-08-02,,,,2012,https://www.fec.gov/resources/cms-content/documents/2012pdates.pdf,traditional,
Texas,2012-05-29,2012-07-31,,,2012,https://www.fec.gov/resources/cms-content/documents/2012pdates.pdf,traditional,
Utah,2012-06-26,,,,2012,https://www.fec.gov/resources/cms-content/documents/2012pdates.pdf,traditional,
Vermont,2012-08-28,,,,2012,https://www.fec.gov/resources/cms-content/documents/2012pdates.pdf,traditional,
Virginia,2012-06-12,,,,2012,https://www.fec.gov/resources/cms-content/documents/2012pdates.pdf,traditional,
Washington,2012-08-07,,,,2012,https://www.fec.gov/resources/cms-content/documents/2012pdates.pdf,top_two,Top-two primary since 2008
West Virginia,2012-05-08,,,,2012,https://www.fec.gov/resources/cms-content/documents/2012pdates.pdf,traditional,
Wisconsin,2012-08-14,,,,2012,https://www.fec.gov/resources/cms-content/documents/2012pdates.pdf,traditional,
Wyoming,2012-08-21,,,,2012,https://www.fec.gov/resources/cms-content/documents/2012pdates.pdf,traditional,
Alabama,2014-06-03,2014-07-15,,,2014,https://www.fec.gov/resources/cms-content/documents/2014pdates.pdf,traditional,
Alaska,2014-08-19,,,,2014,https://www.fec.gov/resources/cms-content/documents/2014pdates.pdf,blanket,Uses top-four/blanket primary since 2022
Arizona,2014-08-26,,,,2014,https://www.fec.gov/resources/cms-content/documents/2014pdates.pdf,traditional,
Arkansas,2014-05-20,2014-06-10,,,2014,https://www.fec.gov/resources/cms-content/documents/2014pdates.pdf,traditional,
California,2014-06-03,,,,2014,https://www.fec.gov/resources/cms-content/documents/2014pdates.pdf,top_two,Top-two primary since 2012
Colorado,2014-06-24,,,,2014,https://www.fec.gov/resources/cms-content/documents/2014pdates.pdf,traditional,
Connecticut,2014-08-12,,,,2014,https://www.fec.gov/resources/cms-content/documents/2014pdates.pdf,traditional,
Delaware,2014-09-09,,,,2014,https://www.fec.gov/resources/cms-content/documents/2014pdates.pdf,traditional,
Florida,2014-08-26,,,,2014,https://www.fec.gov/resources/cms-content/documents/2014pdates.pdf,traditional,
Georgia,2014-05-20,2014-07-22,,,2014,https://www.fec.gov/resources/cms-content/documents/2014pdates.pdf,traditional,
Hawaii,2014-08-09,,,,2014,https://www.fec.gov/resources/cms-content/documents/2014pdates.pdf,traditional,
Idaho,2014-05-20,,,,2014,https://www.fec.gov/resources/cms-content/documents/2014pdates.pdf,traditional,
Illinois,2014-03-18,,,,2014,https://www.fec.gov/resources/cms-content/documents/2014pdates.pdf,traditional,
Indiana,2014-05-06,,,,2014,https://www.fec.gov/resources/cms-content/documents/2014pdates.pdf,traditional,
Iowa,2014-06-03,,,,2014,https://www.fec.gov/resources/cms-content/documents/2014pdates.pdf,traditional,
Kansas,2014-08-05,,,,2014,https://www.fec.gov/resources/cms-content/documents/2014pdates.pdf,traditional,
Kentucky,2014-05-20,,,,2014,https://www.fec.gov/resources/cms-content/documents/2014pdates.pdf,traditional,
Louisiana,2014-11-04,2014-12-06,,,2014,https://www.fec.gov/resources/cms-content/documents/2014pdates.pdf,jungle,Jungle primary on general election day - excluded from Q2 analysis
Maine,2014-06-10,,,,2014,https://www.fec.gov/resources/cms-content/documents/2014pdates.pdf,traditional,
Maryland,2014-06-24,,,,2014,https://www.fec.gov/resources/cms-content/documents/2014pdates.pdf,traditional,
Massachusetts,2014-09-09,,,,2014,https://www.fec.gov/resources/cms-content/documents/2014pdates.pdf,traditional,
Michigan,2014-08-05,,,,2014,https://www.fec.gov/resources/cms-content/documents/2014pdates.pdf,traditional,
Minnesota,2014-08-12,,,,2014,https://www.fec.gov/resources/cms-content/documents/2014pdates.pdf,traditional,
Mississippi,2014-06-03,2014-06-24,,,2014,https://www.fec.gov/resources/cms-content/documents/2014pdates.pdf,traditional,
Missouri,2014-08-05,,,,2014,https://www.fec.gov/resources/cms-content/documents/2014pdates.pdf,traditional,
Montana,2014-06-03,,,,2014,https://www.fec.gov/resources/cms-content/documents/2014pdates.pdf,traditional,
Nebraska,2014-05-13,,,,2014,https://www.fec.gov/resources/cms-content/documents/2014pdates.pdf,traditional,
Nevada,2014-06-10,,,,2014,https://www.fec.gov/resources/cms-content/documents/2014pdates.pdf,traditional,
New Hampshire,2014-09-09,,,,2014,https://www.fec.gov/resources/cms-content/documents/2014pdates.pdf,traditional,
New Jersey,2014-06-03,,,,2014,https://www.fec.gov/resources/cms-content/documents/2014pdates.pdf,traditional,
New Mexico,2014-06-03,,,,2014,https://www.fec.gov/resources/cms-content/documents/2014pdates.pdf,traditional,
New York,2014-06-24,,,,2014,https://www.fec.gov/resources/cms-content/documents/2014pdates.pdf,traditional,
North Carolina,2014-05-06,2014-07-15,,,2014,https://www.fec.gov/resources/cms-content/documents/2014pdates.pdf,traditional,
North Dakota,2014-06-10,,,,2014,https://www.fec.gov/resources/cms-content/documents/2014pdates.pdf,traditional,
Ohio,2014-05-06,,,,2014,https://www.fec.gov/resources/cms-content/documents/2014pdates.pdf,traditional,
Oklahoma,2014-06-24,2014-08-26,,,2014,https://www.fec.gov/resources/cms-content/documents/2014pdates.pdf,traditional,
Oregon,2014-05-20,,,,2014,https://www.fec.gov/resources/cms-content/documents/2014pdates.pdf,traditional,
Pennsylvania,2014-05-20,,,,2014,https://www.fec.gov/resources/cms-content/documents/2014pdates.pdf,traditional,
Rhode Island,2014-09-09,,,,2014,https://www.fec.gov/resources/cms-content/documents/2014pdates.pdf,traditional,
South Carolina,2014-06-10,2014-06-24,,,2014,https://www.fec.gov/resources/cms-content/documents/2014pdates.pdf,traditional,
South Dakota,2014-06-03,2014-08-12,,,2014,https://www.fec.gov/resources/cms-content/documents/2014pdates.pdf,traditional,
Tennessee,2014-08-07,,,,2014,https://www.fec.gov/resources/cms-content/documents/2014pdates.pdf,traditional,
Texas,2014-03-04,2014-05-27,,,2014,https://www.fec.gov/resources/cms-content/documents/2014pdates.pdf,traditional,
Utah,2014-06-24,,,,2014,https://www.fec.gov/resources/cms-content/documents/2014pdates.pdf,traditional,
Vermont,2014-08-26,,,,2014,https://www.fec.gov/resources/cms-content/documents/2014pdates.pdf,traditional,
Virginia,2014-06-10,,,,2014,https://www.fec.gov/resources/cms-content/documents/2014pdates.pdf,traditional,
Washington,2014-08-05,,,,2014,https://www.fec.gov/resources/cms-content/documents/2014pdates.pdf,top_two,Top-two primary since 2008
West Virginia,2014-05-13,,,,2014,https://www.fec.gov/resources/cms-content/documents/2014pdates.pdf,traditional,
Wisconsin,2014-08-12,,,,2014,https://www.fec.gov/resources/cms-content/documents/2014pdates.pdf,traditional,
Wyoming,2014-08-19,,,,2014,https://www.fec.gov/resources/cms-content/documents/2014pdates.pdf,traditional,
Alabama,2016-03-01,2016-04-12,,,2016,https://www.fec.gov/resources/cms-content/documents/2016pdates.pdf,traditional,
Alaska,2016-08-16,,,,2016,https://www.fec.gov/resources/cms-content/documents/2016pdates.pdf,blanket,Uses top-four/blanket primary since 2022
Arizona,2016-08-30,,,,2016,https://www.fec.gov/resources/cms-content/documents/2016pdates.pdf,traditional,
Arkansas,2016-03-01,2016-03-22,,,2016,https://www.fec.gov/resources/cms-content/documents/2016pdates.pdf,traditional,
California,2016-06-07,,,,2016,https://www.fec.gov/resources/cms-content/documents/2016pdates.pdf,top_two,Top-two primary since 2012
Colorado,2016-06-28,,,,2016,https://www.fec.gov/resources/cms-content/documents/2016pdates.pdf,traditional,
Connecticut,2016-08-09,,,,2016,https://www.fec.gov/resources/cms-content/documents/2016pdates.pdf,traditional,
Delaware,2016-09-13,,,,2016,https://www.fec.gov/resources/cms-content/documents/2016pdates.pdf,traditional,
Florida,2016-08-30,,,,2016,https://www.fec.gov/resources/cms-content/documents/2016pdates.pdf,traditional,
Georgia,2016-05-24,2016-07-26,,,2016,https://www.fec.gov/resources/cms-content/documents/2016pdates.pdf,traditional,
Hawaii,2016-08-13,,,,2016,https://www.fec.gov/resources/cms-content/documents/2016pdates.pdf,traditional,
Idaho,2016-05-17,,,,2016,https://www.fec.gov/resources/cms-content/documents/2016pdates.pdf,traditional,
Illinois,2016-03-15,,,,2016,https://www.fec.gov/resources/cms-content/documents/2016pdates.pdf,traditional,
Indiana,2016-05-03,,,,2016,https://www.fec.gov/resources/cms-content/documents/2016pdates.pdf,traditional,
Iowa,2016-06-07,,,,2016,https://www.fec.gov/resources/cms-content/documents/2016pdates.pdf,traditional,
Kansas,2016-08-02,,,,2016,https://www.fec.gov/resources/cms-content/documents/2016pdates.pdf,traditional,
Kentucky,2016-05-17,,,,2016,https://www.fec.gov/resources/cms-content/documents/2016pdates.pdf,traditional,
Louisiana,2016-11-08,2016-12-10,,,2016,https://www.fec.gov/resources/cms-content/documents/2016pdates.pdf,jungle,Jungle primary on general election day - excluded from Q2 analysis
Maine,2016-06-14,,,,2016,https://www.fec.gov/resources/cms-content/documents/2016pdates.pdf,traditional,
Maryland,2016-04-26,,,,2016,https://www.fec.gov/resources/cms-content/documents/2016pdates.pdf,traditional,
Massachusetts,2016-09-08,,,,2016,https://www.fec.gov/resources/cms-content/documents/2016pdates.pdf,traditional,
Michigan,2016-08-02,,,,2016,https://www.fec.gov/resources/cms-content/documents/2016pdates.pdf,traditional,
Minnesota,2016-08-09,,,,2016,https://www.fec.gov/resources/cms-content/documents/2016pdates.pdf,traditional,
Mississippi,2016-03-08,2016-03-29,,,2016,https://www.fec.gov/resources/cms-content/documents/2016pdates.pdf,traditional,
Missouri,2016-08-02,,,,2016,https://www.fec.gov/resources/cms-content/documents/2016pdates.pdf,traditional,
Montana,2016-06-07,,,,2016,https://www.fec.gov/resources/cms-content/documents/2016pdates.pdf,traditional,
Nebraska,2016-05-10,,,,2016,https://www.fec.gov/resources/cms-content/documents/2016pdates.pdf,traditional,
Nevada,2016-06-14,,,,2016,https://www.fec.gov/resources/cms-content/documents/2016pdates.pdf,traditional,
New Hampshire,2016-09-13,,,,2016,https://www.fec.gov/resources/cms-content/documents/2016pdates.pdf,traditional,
New Jersey,2016-06-07,,,,2016,https://www.fec.gov/resources/cms-content/documents/2016pdates.pdf,traditional,
New Mexico,2016-06-07,,,,2016,https://www.fec.gov/resources/cms-content/documents/2016pdates.pdf,traditional,
New York,2016-06-28,,,,2016,https://www.fec.gov/resources/cms-content/documents/2016pdates.pdf,traditional,
North Carolina,2016-03-15,,,,2016,https://www.fec.gov/resources/cms-content/documents/2016pdates.pdf,traditional,U.S. Senate primary 3/15; U.S. House primary 6/7
North Dakota,2016-06-14,,,,2016,https://www.fec.gov/resources/cms-content/documents/2016pdates.pdf,traditional,
Ohio,2016-03-15,,,,2016,https://www.fec.gov/resources/cms-content/documents/2016pdates.pdf,traditional,
Oklahoma,2016-06-28,2016-08-23,,,2016,https://www.fec.gov/resources/cms-content/documents/2016pdates.pdf,traditional,
Oregon,2016-05-17,,,,2016,https://www.fec.gov/resources/cms-content/documents/2016pdates.pdf,traditional,
Pennsylvania,2016-04-26,,,,2016,https://www.fec.gov/resources/cms-content/documents/2016pdates.pdf,traditional,
Rhode Island,2016-09-13,,,,2016,https://www.fec.gov/resources/cms-content/documents/2016pdates.pdf,traditional,
South Carolina,2016-06-14,2016-06-28,,,2016,https://www.fec.gov/resources/cms-content/documents/2016pdates.pdf,traditional,
South Dakota,2016-06-07,2016-08-16,,,2016,https://www.fec.gov/resources/cms-content/documents/2016pdates.pdf,traditional,
Tennessee,2016-08-04,,,,2016,https://www.fec.gov/resources/cms-content/documents/2016pdates.pdf,traditional,
Texas,2016-03-01,2016-05-24,,,2016,https://www.fec.gov/resources/cms-content/documents/2016pdates.pdf,traditional,
Utah,2016-06-28,,,,2016,https://www.fec.gov/resources/cms-content/documents/2016pdates.pdf,traditional,
Vermont,2016-08-09,,,,2016,https://www.fec.gov/resources/cms-content/documents/2016pdates.pdf,traditional,
Virginia,2016-06-14,,,,2016,https://www.fec.gov/resources/cms-content/documents/2016pdates.pdf,traditional,
Washington,2016-08-02,,,,2016,https://www.fec.gov/resources/cms-content/documents/2016pdates.pdf,top_two,Top-two primary since 2008
West Virginia,2016-05-10,,,,2016,https://www.fec.gov/resources/cms-content/documents/2016pdates.pdf,traditional,
Wisconsin,2016-08-09,,,,2016,https://www.fec.gov/resources/cms-content/documents/2016pdates.pdf,traditional,
Wyoming,2016-08-16,,,,2016,https://www.fec.gov/resources/cms-content/documents/2016pdates.pdf,traditional,
Alabama,2018-06-05,2018-07-17,,,2018,https://www.fec.gov/resources/cms-content/documents/2018pdates.pdf,traditional,
Alaska,2018-08-21,,,,2018,https://www.fec.gov/resources/cms-content/documents/2018pdates.pdf,blanket,Uses top-four/blanket primary since 2022
Arizona,2018-08-28,,,,2018,https://www.fec.gov/resources/cms-content/documents/2018pdates.pdf,traditional,
Arkansas,2018-05-22,2018-06-19,,,2018,https://www.fec.gov/resources/cms-content/documents/2018pdates.pdf,traditional,
California,2018-06-05,,,,2018,https://www.fec.gov/resources/cms-content/documents/2018pdates.pdf,top_two,Top-two primary since 2012
Colorado,2018-06-26,,,,2018,https://www.fec.gov/resources/cms-content/documents/2018pdates.pdf,traditional,
Connecticut,2018-08-14,,,,2018,https://www.fec.gov/resources/cms-content/documents/2018pdates.pdf,traditional,
Delaware,2018-09-06,,,,2018,https://www.fec.gov/resources/cms-content/documents/2018pdates.pdf,traditional,
Florida,2018-08-28,,,,2018,https://www.fec.gov/resources/cms-content/documents/2018pdates.pdf,traditional,
Georgia,2018-05-22,2018-07-24,,,2018,https://www.fec.gov/resources/cms-content/documents/2018pdates.pdf,traditional,
Hawaii,2018-08-11,,,,2018,https://www.fec.gov/resources/cms-content/documents/2018pdates.pdf,traditional,
Idaho,2018-05-15,,,,2018,https://www.fec.gov/resources/cms-content/documents/2018pdates.pdf,traditional,
Illinois,2018-03-20,,,,2018,https://www.fec.gov/resources/cms-content/documents/2018pdates.pdf,traditional,
Indiana,2018-05-08,,,,2018,https://www.fec.gov/resources/cms-content/documents/2018pdates.pdf,traditional,
Iowa,2018-06-05,,,,2018,https://www.fec.gov/resources/cms-content/documents/2018pdates.pdf,traditional,
Kansas,2018-08-07,,,,2018,https://www.fec.gov/resources/cms-content/documents/2018pdates.pdf,traditional,
Kentucky,2018-05-22,,,,2018,https://www.fec.gov/resources/cms-content/documents/2018pdates.pdf,traditional,
Louisiana,2018-11-06,2018-12-08,,,2018,https://www.fec.gov/resources/cms-content/documents/2018pdates.pdf,jungle,Jungle primary on general election day - excluded from Q2 analysis
Maine,2018-06-12,,,,2018,https://www.fec.gov/resources/cms-content/documents/2018pdates.pdf,traditional,
Maryland,2018-06-26,,,,2018,https://www.fec.gov/resources/cms-content/documents/2018pdates.pdf,traditional,
Massachusetts,2018-09-04,,,,2018,https://www.fec.gov/resources/cms-content/documents/2018pdates.pdf,traditional,
Michigan,2018-08-07,,,,2018,https://www.fec.gov/resources/cms-content/documents/2018pdates.pdf,traditional,
Minnesota,2018-08-14,,,,2018,https://www.fec.gov/resources/cms-content/documents/2018pdates.pdf,traditional,
Mississippi,2018-06-05,2018-06-26,,,2018,https://www.fec.gov/resources/cms-content/documents/2018pdates.pdf,traditional,
Missouri,2018-08-07,,,,2018,https://www.fec.gov/resources/cms-content/documents/2018pdates.pdf,traditional,
Montana,2018-06-05,,,,2018,https://www.fec.gov/resources/cms-content/documents/2018pdates.pdf,traditional,
Nebraska,2018-05-15,,,,2018,https://www.fec.gov/resources/cms-content/documents/2018pdates.pdf,traditional,
Nevada,2018-06-12,,,,2018,https://www.fec.gov/resources/cms-content/documents/2018pdates.pdf,traditional,
New Hampshire,2018-09-11,,,,2018,https://www.fec.gov/resources/cms-content/documents/2018pdates.pdf,traditional,
New Jersey,2018-06-05,,,,2018,https://www.fec.gov/resources/cms-content/documents/2018pdates.pdf,traditional,
New Mexico,2018-06-05,,,,2018,https://www.fec.gov/resources/cms-content/documents/2018pdates.pdf,traditional,
New York,2018-06-26,,,,2018,https://www.fec.gov/resources/cms-content/documents/2018pdates.pdf,traditional,
North Carolina,2018-05-08,2018-07-17,,,2018,https://www.fec.gov/resources/cms-content/documents/2018pdates.pdf,traditional,
North Dakota,2018-06-12,,,,2018,https://www.fec.gov/resources/cms-content/documents/2018pdates.pdf,traditional,
Ohio,2018-05-08,,,,2018,https://www.fec.gov/resources/cms-content/documents/2018pdates.pdf,traditional,
Oklahoma,2018-06-26,2018-08-28,,,2018,https://www.fec.gov/resources/cms-content/documents/2018pdates.pdf,traditional,
Oregon,2018-05-15,,,,2018,https://www.fec.gov/resources/cms-content/documents/2018pdates.pdf,traditional,
Pennsylvania,2018-05-15,,,,2018,https://www.fec.gov/resources/cms-content/documents/2018pdates.pdf,traditional,
Rhode Island,2018-09-12,,,,2018,https://www.fec.gov/resources/cms-content/documents/2018pdates.pdf,traditional,
South Carolina,2018-06-12,2018-06-26,,,2018,https://www.fec.gov/resources/cms-content/documents/2018pdates.pdf,traditional,
South Dakota,2018-06-05,2018-08-14,,,2018,https://www.fec.gov/resources/cms-content/documents/2018pdates.pdf,traditional,
Tennessee,2018-08-02,,,,2018,https://www.fec.gov/resources/cms-content/documents/2018pdates.pdf,traditional,
Texas,2018-03-06,2018-05-22,,,2018,https://www.fec.gov/resources/cms-content/documents/2018pdates.pdf,traditional,
Utah,2018-06-26,,,,2018,https://www.fec.gov/resources/cms-content/documents/2018pdates.pdf,traditional,
Vermont,2018-08-14,,,,2018,https://www.fec.gov/resources/cms-content/documents/2018pdates.pdf,traditional,
Virginia,2018-06-12,,,,2018,https://www.fec.gov/resources/cms-content/documents/2018pdates.pdf,traditional,
Washington,2018-08-07,,,,2018,https://www.fec.gov/resources/cms-content/documents/2018pdates.pdf,top_two,Top-two primary since 2008
West Virginia,2018-05-08,,,,2018,https://www.fec.gov/resources/cms-content/documents/2018pdates.pdf,traditional,
Wisconsin,2018-08-14,,,,2018,https://www.fec.gov/resources/cms-content/documents/2018pdates.pdf,traditional,
Wyoming,2018-08-21,,,,2018,https://www.fec.gov/resources/cms-content/documents/2018pdates.pdf,traditional,
Alabama,2020-03-03,2020-03-31,,2020-07-14,2020,https://www.ncsl.org/elections-and-campaigns/2020-state-primary-election-dates#alphabetical,traditional,
Alaska,2020-08-18,,,,2020,https://www.ncsl.org/elections-and-campaigns/2020-state-primary-election-dates#alphabetical,blanket,
Arizona,2020-08-04,,,,2020,https://www.ncsl.org/elections-and-campaigns/2020-state-primary-election-dates#alphabetical,traditional,
Arkansas,2020-03-03,2020-03-31,,,2020,https://www.ncsl.org/elections-and-campaigns/2020-state-primary-election-dates#alphabetical,traditional,
California,2020-03-03,,,,2020,https://www.ncsl.org/elections-and-campaigns/2020-state-primary-election-dates#alphabetical,top_two,
Colorado,2020-06-30,,,,2020,https://www.ncsl.org/elections-and-campaigns/2020-state-primary-election-dates#alphabetical,traditional,
Connecticut,2020-08-11,,,,2020,https://www.ncsl.org/elections-and-campaigns/2020-state-primary-election-dates#alphabetical,traditional,
Delaware,2020-09-15,,,,2020,https://www.ncsl.org/elections-and-campaigns/2020-state-primary-election-dates#alphabetical,traditional,
Florida,2020-08-18,,,,2020,https://www.ncsl.org/elections-and-campaigns/2020-state-primary-election-dates#alphabetical,traditional,
Georgia,2020-05-19,2020-07-21,2020-06-09,2020-08-11,2020,https://www.ncsl.org/elections-and-campaigns/2020-state-primary-election-dates#alphabetical,traditional,
Hawaii,2020-08-08,,,,2020,https://www.ncsl.org/elections-and-campaigns/2020-state-primary-election-dates#alphabetical,traditional,
Idaho,2020-05-19,,,,2020,https://www.ncsl.org/elections-and-campaigns/2020-state-primary-election-dates#alphabetical,traditional,
Illinois,2020-03-17,,,,2020,https://www.ncsl.org/elections-and-campaigns/2020-state-primary-election-dates#alphabetical,traditional,
Indiana,2020-05-05,,2020-06-02,,2020,https://www.ncsl.org/elections-and-campaigns/2020-state-primary-election-dates#alphabetical,traditional,
Iowa,2020-06-02,,,,2020,https://www.ncsl.org/elections-and-campaigns/2020-state-primary-election-dates#alphabetical,traditional,
Kansas,2020-08-04,,,,2020,https://www.ncsl.org/elections-and-campaigns/2020-state-primary-election-dates#alphabetical,traditional,
Kentucky,2020-05-19,,2020-06-23,,2020,https://www.ncsl.org/elections-and-campaigns/2020-state-primary-election-dates#alphabetical,traditional,
Louisiana,2020-11-03,,,,2020,https://www.ncsl.org/elections-and-campaigns/2020-state-primary-election-dates#alphabetical,jungle,
Maine,2020-06-09,,2020-07-14,,2020,https://www.ncsl.org/elections-and-campaigns/2020-state-primary-election-dates#alphabetical,traditional,
Maryland,2020-04-28,,2020-06-02,,2020,https://www.ncsl.org/elections-and-campaigns/2020-state-primary-election-dates#alphabetical,traditional,
Massachusetts,2020-09-01,,,,2020,https://www.ncsl.org/elections-and-campaigns/2020-state-primary-election-dates#alphabetical,traditional,
Michigan,2020-08-04,,,,2020,https://www.ncsl.org/elections-and-campaigns/2020-state-primary-election-dates#alphabetical,traditional,
Minnesota,2020-08-11,,,,2020,https://www.ncsl.org/elections-and-campaigns/2020-state-primary-election-dates#alphabetical,traditional,
Mississippi,2020-03-10,2020-03-31,2020-06-23,,2020,https://www.ncsl.org/elections-and-campaigns/2020-state-primary-election-dates#alphabetical,traditional,
Missouri,2020-08-04,,,,2020,https://www.ncsl.org/elections-and-campaigns/2020-state-primary-election-dates#alphabetical,traditional,
Montana,2020-06-02,,,,2020,https://www.ncsl.org/elections-and-campaigns/2020-state-primary-election-dates#alphabetical,traditional,
Nebraska,2020-05-12,,,,2020,https://www.ncsl.org/elections-and-campaigns/2020-state-primary-election-dates#alphabetical,traditional,
Nevada,2020-06-09,,,,2020,https://www.ncsl.org/elections-and-campaigns/2020-state-primary-election-dates#alphabetical,traditional,
New Hampshire,2020-09-08,,,,2020,https://www.ncsl.org/elections-and-campaigns/2020-state-primary-election-dates#alphabetical,traditional,
New Jersey,2020-06-02,,2020-07-07,,2020,https://www.ncsl.org/elections-and-campaigns/2020-state-primary-election-dates#alphabetical,traditional,
New Mexico,2020-06-02,,,,2020,https://www.ncsl.org/elections-and-campaigns/2020-state-primary-election-dates#alphabetical,traditional,
New York,2020-06-23,,,,2020,https://www.ncsl.org/elections-and-campaigns/2020-state-primary-election-dates#alphabetical,traditional,
North Carolina,2020-03-03,,2020-05-12,,2020,https://www.ncsl.org/elections-and-campaigns/2020-state-primary-election-dates#alphabetical,traditional,
North Dakota,2020-06-09,,,,2020,https://www.ncsl.org/elections-and-campaigns/2020-state-primary-election-dates#alphabetical,traditional,
Ohio,2020-03-17,,2020-04-28,,2020,https://www.ncsl.org/elections-and-campaigns/2020-state-primary-election-dates#alphabetical,traditional,
Oklahoma,2020-06-30,2020-08-25,,,2020,https://www.ncsl.org/elections-and-campaigns/2020-state-primary-election-dates#alphabetical,traditional,
Oregon,2020-05-19,,,,2020,https://www.ncsl.org/elections-and-campaigns/2020-state-primary-election-dates#alphabetical,traditional,
Pennsylvania,2020-04-28,,2020-06-02,,2020,https://www.ncsl.org/elections-and-campaigns/2020-state-primary-election-dates#alphabetical,traditional,
Rhode Island,2020-09-08,,,,2020,https://www.ncsl.org/elections-and-campaigns/2020-state-primary-election-dates#alphabetical,traditional,
South Carolina,2020-06-09,2020-06-23,,,2020,https://www.ncsl.org/elections-and-campaigns/2020-state-primary-election-dates#alphabetical,traditional,
South Dakota,2020-06-02,2020-08-11,,,2020,https://www.ncsl.org/elections-and-campaigns/2020-state-primary-election-dates#alphabetical,traditional,
Tennessee,2020-08-06,,,,2020,https://www.ncsl.org/elections-and-campaigns/2020-state-primary-election-dates#alphabetical,traditional,
Texas,2020-03-03,2020-05-26,,2020-07-14,2020,https://www.ncsl.org/elections-and-campaigns/2020-state-primary-election-dates#alphabetical,traditional,
Utah,2020-06-30,,,,2020,https://www.ncsl.org/elections-and-campaigns/2020-state-primary-election-dates#alphabetical,traditional,
Vermont,2020-08-11,,,,2020,https://www.ncsl.org/elections-and-campaigns/2020-state-primary-election-dates#alphabetical,,
Virginia,2020-06-09,,2020-06-23,,2020,https://www.ncsl.org/elections-and-campaigns/2020-state-primary-election-dates#alphabetical,traditional,
Washington,2020-08-04,,,,2020,https://www.ncsl.org/elections-and-campaigns/2020-state-primary-election-dates#alphabetical,top_two,
West Virginia,2020-05-12,,2020-06-09,,2020,https://www.ncsl.org/elections-and-campaigns/2020-state-primary-election-dates#alphabetical,traditional,
Wisconsin,2020-08-11,,,,2020,https://www.ncsl.org/elections-and-campaigns/2020-state-primary-election-dates#alphabetical,traditional,
Wyoming,2020-08-18,,,,2020,https://www.ncsl.org/elections-and-campaigns/2020-state-primary-election-dates#alphabetical,traditional,
Alabama,2022-05-24,2022-06-21,,,2022,https://www.ncsl.org/elections-and-campaigns/2022-state-primary-election-dates-and-filing-deadlines,traditional,
Alaska,2022-08-16,,,,2022,https://www.ncsl.org/elections-and-campaigns/2022-state-primary-election-dates-and-filing-deadlines,blanket,
Arizona,2022-08-02,,,,2022,https://www.ncsl.org/elections-and-campaigns/2022-state-primary-election-dates-and-filing-deadlines,traditional,
Arkansas,2022-05-24,2022-06-21,,,2022,https://www.ncsl.org/elections-and-campaigns/2022-state-primary-election-dates-and-filing-deadlines,traditional,
California,2022-06-07,,,,2022,https://www.ncsl.org/elections-and-campaigns/2022-state-primary-election-dates-and-filing-deadlines,top_two,
Colorado,2022-06-28,,,,2022,https://www.ncsl.org/elections-and-campaigns/2022-state-primary-election-dates-and-filing-deadlines,traditional,
Connecticut,2022-08-09,,,,2022,https://www.ncsl.org/elections-and-campaigns/2022-state-primary-election-dates-and-filing-deadlines,traditional,
Delaware,2022-09-13,,,,2022,https://www.ncsl.org/elections-and-campaigns/2022-state-primary-election-dates-and-filing-deadlines,traditional,
Florida,2022-08-23,,,,2022,https://www.ncsl.org/elections-and-campaigns/2022-state-primary-election-dates-and-filing-deadlines,traditional,
Georgia,2022-05-24,2022-06-21,,,2022,https://www.ncsl.org/elections-and-campaigns/2022-state-primary-election-dates-and-filing-deadlines,traditional,
Hawaii,2022-08-13,,,,2022,https://www.ncsl.org/elections-and-campaigns/2022-state-primary-election-dates-and-filing-deadlines,traditional,
Idaho,2022-05-17,,,,2022,https://www.ncsl.org/elections-and-campaigns/2022-state-primary-election-dates-and-filing-deadlines,traditional,
Illinois,2022-06-28,,,,2022,https://www.ncsl.org/elections-and-campaigns/2022-state-primary-election-dates-and-filing-deadlines,traditional,
Indiana,2022-05-03,,,,2022,https://www.ncsl.org/elections-and-campaigns/2022-state-primary-election-dates-and-filing-deadlines,traditional,
Iowa,2022-06-07,,,,2022,https://www.ncsl.org/elections-and-campaigns/2022-state-primary-election-dates-and-filing-deadlines,traditional,
Kansas,2022-08-02,,,,2022,https://www.ncsl.org/elections-and-campaigns/2022-state-primary-election-dates-and-filing-deadlines,traditional,
Kentucky,2022-05-17,,,,2022,https://www.ncsl.org/elections-and-campaigns/2022-state-primary-election-dates-and-filing-deadlines,traditional,
Louisiana,2022-11-08,2022-12-10,,,2022,https://www.ncsl.org/elections-and-campaigns/2022-state-primary-election-dates-and-filing-deadlines,jungle,
Maine,2022-06-14,,,,2022,https://www.ncsl.org/elections-and-campaigns/2022-state-primary-election-dates-and-filing-deadlines,traditional,
Maryland,2022-07-19,,,,2022,https://www.ncsl.org/elections-and-campaigns/2022-state-primary-election-dates-and-filing-deadlines,traditional,
Massachusetts,2022-09-06,,,,2022,https://www.ncsl.org/elections-and-campaigns/2022-state-primary-election-dates-and-filing-deadlines,traditional,
Michigan,2022-08-02,,,,2022,https://www.ncsl.org/elections-and-campaigns/2022-state-primary-election-dates-and-filing-deadlines,traditional,
Minnesota,2022-08-09,,,,2022,https://www.ncsl.org/elections-and-campaigns/2022-state-primary-election-dates-and-filing-deadlines,traditional,
Mississippi,2022-06-07,2022-06-28,,,2022,https://www.ncsl.org/elections-and-campaigns/2022-state-primary-election-dates-and-filing-deadlines,traditional,
Missouri,2022-08-02,,,,2022,https://www.ncsl.org/elections-and-campaigns/2022-state-primary-election-dates-and-filing-deadlines,traditional,
Montana,2022-06-07,,,,2022,https://www.ncsl.org/elections-and-campaigns/2022-state-primary-election-dates-and-filing-deadlines,traditional,
Nebraska,2022-05-10,,,,2022,https://www.ncsl.org/elections-and-campaigns/2022-state-primary-election-dates-and-filing-deadlines,traditional,
Nevada,2022-06-14,,,,2022,https://www.ncsl.org/elections-and-campaigns/2022-state-primary-election-dates-and-filing-deadlines,traditional,
New Hampshire,2022-09-13,,,,2022,https://www.ncsl.org/elections-and-campaigns/2022-state-primary-election-dates-and-filing-deadlines,traditional,
New Jersey,2022-06-07,,,,2022,https://www.ncsl.org/elections-and-campaigns/2022-state-primary-election-dates-and-filing-deadlines,traditional,
New Mexico,2022-06-07,,,,2022,https://www.ncsl.org/elections-and-campaigns/2022-state-primary-election-dates-and-filing-deadlines,traditional,
New York,2022-06-28,,,,2022,https://www.ncsl.org/elections-and-campaigns/2022-state-primary-election-dates-and-filing-deadlines,traditional,
North Carolina,2022-05-17,2022-07-26,,,2022,https://www.ncsl.org/elections-and-campaigns/2022-state-primary-election-dates-and-filing-deadlines,traditional,
North Dakota,2022-06-14,,,,2022,https://www.ncsl.org/elections-and-campaigns/2022-state-primary-election-dates-and-filing-deadlines,traditional,
Ohio,2022-08-02,,,,2022,https://www.ncsl.org/elections-and-campaigns/2022-state-primary-election-dates-and-filing-deadlines,traditional,
Oklahoma,2022-06-28,2022-08-23,,,2022,https://www.ncsl.org/elections-and-campaigns/2022-state-primary-election-dates-and-filing-deadlines,traditional,
Oregon,2022-05-17,,,,2022,https://www.ncsl.org/elections-and-campaigns/2022-state-primary-election-dates-and-filing-deadlines,traditional,
Pennsylvania,2022-05-17,,,,2022,https://www.ncsl.org/elections-and-campaigns/2022-state-primary-election-dates-and-filing-deadlines,traditional,
Rhode Island,2022-09-13,,,,2022,https://www.ncsl.org/elections-and-campaigns/2022-state-primary-election-dates-and-filing-deadlines,traditional,
South Carolina,2022-06-14,2022-06-28,,,2022,https://www.ncsl.org/elections-and-campaigns/2022-state-primary-election-dates-and-filing-deadlines,traditional,
South Dakota,2022-06-07,2022-08-16,,,2022,https://www.ncsl.org/elections-and-campaigns/2022-state-primary-election-dates-and-filing-deadlines,traditional,
Tennessee,2022-08-04,,,,2022,https://www.ncsl.org/elections-and-campaigns/2022-state-primary-election-dates-and-filing-deadlines,traditional,
Texas,2022-03-01,2022-05-24,,,2022,https://www.ncsl.org/elections-and-campaigns/2022-state-primary-election-dates-and-filing-deadlines,traditional,
Utah,2022-06-28,,,,2022,https://www.ncsl.org/elections-and-campaigns/2022-state-primary-election-dates-and-filing-deadlines,traditional,
Vermont,2022-08-09,,,,2022,https://www.ncsl.org/elections-and-campaigns/2022-state-primary-election-dates-and-filing-deadlines,traditional,
Virginia,2022-06-21,,,,2022,https://www.ncsl.org/elections-and-campaigns/2022-state-primary-election-dates-and-filing-deadlines,traditional,
Washington,2022-08-02,,,,2022,https://www.ncsl.org/elections-and-campaigns/2022-state-primary-election-dates-and-filing-deadlines,top_two,
West Virginia,2022-05-10,,,,2022,https://www.ncsl.org/elections-and-campaigns/2022-state-primary-election-dates-and-filing-deadlines,traditional,
Wisconsin,2022-08-09,,,,2022,https://www.ncsl.org/elections-and-campaigns/2022-state-primary-election-dates-and-filing-deadlines,traditional,
Wyoming,2022-08-16,,,,2022,https://www.ncsl.org/elections-and-campaigns/2022-state-primary-election-dates-and-filing-deadlines,traditional,
Alabama,2024-03-05,2024-04-02,,,2024,https://www.ncsl.org/elections-and-campaigns/2024-state-primary-election-dates,traditional,
Alaska,2024-08-20,,,,2024,https://www.ncsl.org/elections-and-campaigns/2024-state-primary-election-dates,blanket,
Arizona,2024-07-30,,,,2024,https://www.ncsl.org/elections-and-campaigns/2024-state-primary-election-dates,traditional,
Arkansas,2024-03-05,2024-04-02,,,2024,https://www.ncsl.org/elections-and-campaigns/2024-state-primary-election-dates,traditional,
California,2024-03-05,,,,2024,https://www.ncsl.org/elections-and-campaigns/2024-state-primary-election-dates,top_two,
Colorado,2024-06-25,,,,2024,https://www.ncsl.org/elections-and-campaigns/2024-state-primary-election-dates,traditional,
Connecticut,2024-08-13,,,,2024,https://www.ncsl.org/elections-and-campaigns/2024-state-primary-election-dates,traditional,
Delaware,2024-09-03,,,,2024,https://www.ncsl.org/elections-and-campaigns/2024-state-primary-election-dates,traditional,
Florida,2024-08-20,,,,2024,https://www.ncsl.org/elections-and-campaigns/2024-state-primary-election-dates,traditional,
Georgia,2024-05-21,,,,2024,https://www.ncsl.org/elections-and-campaigns/2024-state-primary-election-dates,traditional,
Hawaii,2024-08-10,,,,2024,https://www.ncsl.org/elections-and-campaigns/2024-state-primary-election-dates,traditional,
Idaho,2024-05-21,,,,2024,https://www.ncsl.org/elections-and-campaigns/2024-state-primary-election-dates,traditional,
Illinois,2024-03-19,,,,2024,https://www.ncsl.org/elections-and-campaigns/2024-state-primary-election-dates,traditional,
Indiana,2024-05-07,,,,2024,https://www.ncsl.org/elections-and-campaigns/2024-state-primary-election-dates,traditional,
Iowa,2024-06-04,,,,2024,https://www.ncsl.org/elections-and-campaigns/2024-state-primary-election-dates,traditional,
Kansas,2024-08-06,,,,2024,https://www.ncsl.org/elections-and-campaigns/2024-state-primary-election-dates,traditional,
Kentucky,2024-05-21,,,,2024,https://www.ncsl.org/elections-and-campaigns/2024-state-primary-election-dates,traditional,
Louisiana,2024-11-05,2024-12-07,,,2024,https://www.ncsl.org/elections-and-campaigns/2024-state-primary-election-dates,jungle,
Maine,2024-06-11,,,,2024,https://www.ncsl.org/elections-and-campaigns/2024-state-primary-election-dates,traditional,
Maryland,2024-05-14,,,,2024,https://www.ncsl.org/elections-and-campaigns/2024-state-primary-election-dates,traditional,
Massachusetts,2024-09-03,,,,2024,https://www.ncsl.org/elections-and-campaigns/2024-state-primary-election-dates,traditional,
Michigan,2024-08-06,,,,2024,https://www.ncsl.org/elections-and-campaigns/2024-state-primary-election-dates,traditional,
Minnesota,2024-08-13,,,,2024,https://www.ncsl.org/elections-and-campaigns/2024-state-primary-election-dates,traditional,
Mississippi,2024-08-06,2024-08-27,,,2024,https://www.ncsl.org/elections-and-campaigns/2024-state-primary-election-dates,traditional,
Missouri,2024-08-06,,,,2024,https://www.ncsl.org/elections-and-campaigns/2024-state-primary-election-dates,traditional,
Montana,2024-06-04,,,,2024,https://www.ncsl.org/elections-and-campaigns/2024-state-primary-election-dates,traditional,
Nebraska,2024-05-14,,,,2024,https://www.ncsl.org/elections-and-campaigns/2024-state-primary-election-dates,traditional,
Nevada,2024-06-11,,,,2024,https://www.ncsl.org/elections-and-campaigns/2024-state-primary-election-dates,traditional,
New Hampshire,2024-09-10,,,,2024,https://www.ncsl.org/elections-and-campaigns/2024-state-primary-election-dates,traditional,
New Jersey,2024-06-04,,,,2024,https://www.ncsl.org/elections-and-campaigns/2024-state-primary-election-dates,traditional,
New Mexico,2024-06-04,,,,2024,https://www.ncsl.org/elections-and-campaigns/2024-state-primary-election-dates,traditional,
New York,2024-06-25,,,,2024,https://www.ncsl.org/elections-and-campaigns/2024-state-primary-election-dates,traditional,
North Carolina,2024-03-05,,,,2024,https://www.ncsl.org/elections-and-campaigns/2024-state-primary-election-dates,traditional,
North Dakota,2024-06-11,,,,2024,https://www.ncsl.org/elections-and-campaigns/2024-state-primary-election-dates,traditional,
Ohio,2024-03-19,,,,2024,https://www.ncsl.org/elections-and-campaigns/2024-state-primary-election-dates,traditional,
Oklahoma,2024-06-18,2024-08-27,,,2024,https://www.ncsl.org/elections-and-campaigns/2024-state-primary-election-dates,traditional,
Oregon,2024-05-21,,,,2024,https://www.ncsl.org/elections-and-campaigns/2024-state-primary-election-dates,traditional,
Pennsylvania,2024-04-23,,,,2024,https://www.ncsl.org/elections-and-campaigns/2024-state-primary-election-dates,traditional,
Rhode Island,2024-09-10,,,,2024,https://www.ncsl.org/elections-and-campaigns/2024-state-primary-election-dates,traditional,
South Carolina,2024-06-11,2024-06-25,,,2024,https://www.ncsl.org/elections-and-campaigns/2024-state-primary-election-dates,traditional,
South Dakota,2024-06-04,2024-08-13,,,2024,https://www.ncsl.org/elections-and-campaigns/2024-state-primary-election-dates,traditional,
Tennessee,2024-08-01,2024-08-31,,,2024,https://www.ncsl.org/elections-and-campaigns/2024-state-primary-election-dates,traditional,
Texas,2024-03-05,2024-05-28,,,2024,https://www.ncsl.org/elections-and-campaigns/2024-state-primary-election-dates,traditional,
Utah,2024-06-25,,,,2024,https://www.ncsl.org/elections-and-campaigns/2024-state-primary-election-dates,traditional,
Vermont,2024-08-13,,,,2024,https://www.ncsl.org/elections-and-campaigns/2024-state-primary-election-dates,traditional,
Virginia,2024-06-18,,,,2024,https://www.ncsl.org/elections-and-campaigns/2024-state-primary-election-dates,traditional,
Washington,2024-08-06,,,,2024,https://www.ncsl.org/elections-and-campaigns/2024-state-primary-election-dates,top_two,
West Virginia,2024-05-14,,,,2024,https://www.ncsl.org/elections-and-campaigns/2024-state-primary-election-dates,traditional,
Wisconsin,2024-08-13,,,,2024,https://www.ncsl.org/elections-and-campaigns/2024-state-primary-election-dates,traditional,
Wyoming,2024-08-20,,,,2024,https://www.ncsl.org/elections-and-campaigns/2024-state-primary-election-dates,traditional,
